{
  "bruteforce": {
    "dist": 106.4,
    "path": [
      0,
      4,
      2,
      3,
      5,
      1,
      6,
      0
    ],
    "time": 0.0010140999999999623
  },
  "nearest-neighbor": {
    "dist": 114.30000000000001,
    "path": [
      0,
      4,
      2,
      3,
      1,
      5,
      6,
      0
    ],
    "time": 2.4100000000026878e-05
  }
}