{
  "bruteforce": {
    "dist": 133.0,
    "path": [
      0,
      4,
      10,
      7,
      6,
      3,
      5,
      2,
      9,
      1,
      8,
      0
    ],
    "time": 7.7153908
  },
  "nearest-neighbor": {
    "dist": 156.0,
    "path": [
      0,
      7,
      8,
      1,
      3,
      2,
      5,
      9,
      6,
      10,
      4,
      0
    ],
    "time": 4.229999999999512e-05
  }
}