{
  "bruteforce": {
    "dist": 1733.0,
    "path": [
      0,
      5,
      7,
      11,
      3,
      1,
      8,
      6,
      10,
      4,
      2,
      9,
      0
    ],
    "time": 90.7734576
  },
  "nearest-neighbor": {
    "dist": 2110.0,
    "path": [
      0,
      9,
      4,
      2,
      6,
      8,
      3,
      1,
      5,
      7,
      11,
      10,
      0
    ],
    "time": 0.0010166000000000064
  }
}